year,lathi,police,water
1,10,30,10
2,20,40,20
3,15,15,5
4,10,10,10
5,30,5,10
6,10,30,10
7,20,40,20
8,15,15,5
9,10,10,10
10,30,5,10
11,10,30,10
12,20,40,20
13,20,15,5
14,10,10,10
15,30,5,10
16,5,5,5
