year,Heat,Warm,Pollution,trees,burn
1,10,30,10,30,10
2,20,40,20,10,5
3,15,15,5,20,30
4,10,10,10,15,40
5,30,5,10,10,15
6,10,30,10,5,10
7,20,40,20,10,15
8,15,15,5,10,10
9,10,10,10,10,5
10,30,5,10,20,30
