year,lathi,police,water,honk,Pollution,trees,burn
1,10,30,10,25,10,30,10
2,20,40,20,20,20,10,5
3,15,15,5,5,5,20,30
4,10,10,10,5,10,15,40
5,30,5,10,5,10,10,15
6,10,30,10,25,10,5,10
7,20,40,20,20,20,10,15
8,15,15,5,5,5,10,10
9,10,10,10,5,10,10,5
10,30,5,10,5,10,20,30
11,10,30,10,25,10,5,40
12,20,40,20,20,20,10,15
13,20,15,5,5,5,20,10
14,10,10,10,5,10,5,20
15,30,5,10,5,10,10,5
16,5,5,5,5,5,10,34
